"시도명","시군구","레벨01","시점","관용","자가용","영업용","계",
"서울","강남구","승용","2025.06 월","159","218784","13915","232858",
"서울","강남구","승합","2025.06 월","60","3768","531","4359",
"서울","강남구","화물","2025.06 월","187","13462","2204","15853",
"서울","강남구","특수","2025.06 월","18","371","152","541",
"서울","강남구","총계","2025.06 월","424","236385","16802","253611",
"서울","계","승용","2025.06 월","4854","2658772","111001","2774627",
"서울","계","승합","2025.06 월","3701","64561","14603","82865",
"서울","계","화물","2025.06 월","3925","237694","59280","300899",
"서울","계","특수","2025.06 월","433","6074","5155","11662",
"서울","계","총계","2025.06 월","12913","2967101","190039","3170053",
"서울","강동구","승용","2025.06 월","112","144566","5033","149711",
"서울","강동구","승합","2025.06 월","41","3179","617","3837",
"서울","강동구","화물","2025.06 월","154","11905","2615","14674",
"서울","강동구","특수","2025.06 월","8","261","213","482",
"서울","강동구","총계","2025.06 월","315","159911","8478","168704",
"서울","강북구","승용","2025.06 월","118","59869","2108","62095",
"서울","강북구","승합","2025.06 월","67","1972","716","2755",
"서울","강북구","화물","2025.06 월","130","6604","1265","7999",
"서울","강북구","특수","2025.06 월","17","146","114","277",
"서울","강북구","총계","2025.06 월","332","68591","4203","73126",
"서울","강서구","승용","2025.06 월","138","166951","8598","175687",
"서울","강서구","승합","2025.06 월","45","3890","1316","5251",
"서울","강서구","화물","2025.06 월","159","15691","4282","20132",
"서울","강서구","특수","2025.06 월","18","454","263","735",
"서울","강서구","총계","2025.06 월","360","186986","14459","201805",
"서울","관악구","승용","2025.06 월","89","98725","3025","101839",
"서울","관악구","승합","2025.06 월","44","2766","350","3160",
"서울","관악구","화물","2025.06 월","146","8763","2221","11130",
"서울","관악구","특수","2025.06 월","11","206","165","382",
"서울","관악구","총계","2025.06 월","290","110460","5761","116511",
"서울","광진구","승용","2025.06 월","87","80395","2957","83439",
"서울","광진구","승합","2025.06 월","45","1940","333","2318",
"서울","광진구","화물","2025.06 월","164","8723","1527","10414",
"서울","광진구","특수","2025.06 월","10","122","110","242",
"서울","광진구","총계","2025.06 월","306","91180","4927","96413",
"서울","구로구","승용","2025.06 월","111","114680","8974","123765",
"서울","구로구","승합","2025.06 월","59","3607","560","4226",
"서울","구로구","화물","2025.06 월","125","13496","2564","16185",
"서울","구로구","특수","2025.06 월","7","324","166","497",
"서울","구로구","총계","2025.06 월","302","132107","12264","144673",
"서울","금천구","승용","2025.06 월","58","71470","2689","74217",
"서울","금천구","승합","2025.06 월","34","2384","433","2851",
"서울","금천구","화물","2025.06 월","78","10418","2269","12765",
"서울","금천구","특수","2025.06 월","12","203","99","314",
"서울","금천구","총계","2025.06 월","182","84475","5490","90147",
"서울","노원구","승용","2025.06 월","80","128457","5560","134097",
"서울","노원구","승합","2025.06 월","51","3023","751","3825",
"서울","노원구","화물","2025.06 월","170","9529","2118","11817",
"서울","노원구","특수","2025.06 월","11","276","251","538",
"서울","노원구","총계","2025.06 월","312","141285","8680","150277",
"서울","도봉구","승용","2025.06 월","92","75990","4527","80609",
"서울","도봉구","승합","2025.06 월","49","2097","563","2709",
"서울","도봉구","화물","2025.06 월","123","7812","2038","9973",
"서울","도봉구","특수","2025.06 월","12","199","154","365",
"서울","도봉구","총계","2025.06 월","276","86098","7282","93656",
"서울","동대문구","승용","2025.06 월","108","86006","2785","88899",
"서울","동대문구","승합","2025.06 월","60","2382","129","2571",
"서울","동대문구","화물","2025.06 월","136","9542","2236","11914",
"서울","동대문구","특수","2025.06 월","11","201","99","311",
"서울","동대문구","총계","2025.06 월","315","98131","5249","103695",
"서울","동작구","승용","2025.06 월","117","94520","1233","95870",
"서울","동작구","승합","2025.06 월","44","2038","128","2210",
"서울","동작구","화물","2025.06 월","136","6282","1144","7562",
"서울","동작구","특수","2025.06 월","16","141","175","332",
"서울","동작구","총계","2025.06 월","313","102981","2680","105974",
"서울","마포구","승용","2025.06 월","98","101503","4183","105784",
"서울","마포구","승합","2025.06 월","55","2347","675","3077",
"서울","마포구","화물","2025.06 월","171","9057","2639","11867",
"서울","마포구","특수","2025.06 월","22","262","466","750",
"서울","마포구","총계","2025.06 월","346","113169","7963","121478",
"서울","서대문구","승용","2025.06 월","213","77090","3413","80716",
"서울","서대문구","승합","2025.06 월","100","1895","400","2395",
"서울","서대문구","화물","2025.06 월","135","5672","1756","7563",
"서울","서대문구","특수","2025.06 월","6","149","110","265",
"서울","서대문구","총계","2025.06 월","454","84806","5679","90939",
"서울","서초구","승용","2025.06 월","174","153368","3236","156778",
"서울","서초구","승합","2025.06 월","132","2795","654","3581",
"서울","서초구","화물","2025.06 월","182","10389","4143","14714",
"서울","서초구","특수","2025.06 월","16","276","201","493",
"서울","서초구","총계","2025.06 월","504","166828","8234","175566",
"서울","성동구","승용","2025.06 월","135","82117","8699","90951",
"서울","성동구","승합","2025.06 월","49","1675","940","2664",
"서울","성동구","화물","2025.06 월","180","7991","1910","10081",
"서울","성동구","특수","2025.06 월","17","205","130","352",
"서울","성동구","총계","2025.06 월","381","91988","11679","104048",
"서울","성북구","승용","2025.06 월","93","106227","2004","108324",
"서울","성북구","승합","2025.06 월","45","2585","1096","3726",
"서울","성북구","화물","2025.06 월","146","8268","1669","10083",
"서울","성북구","특수","2025.06 월","8","209","98","315",
"서울","성북구","총계","2025.06 월","292","117289","4867","122448",
"서울","송파구","승용","2025.06 월","129","205979","7597","213705",
"서울","송파구","승합","2025.06 월","106","3781","1568","5455",
"서울","송파구","화물","2025.06 월","160","16961","4759","21880",
"서울","송파구","특수","2025.06 월","19","406","395","820",
"서울","송파구","총계","2025.06 월","414","227127","14319","241860",
"서울","양천구","승용","2025.06 월","130","126770","4803","131703",
"서울","양천구","승합","2025.06 월","63","2851","734","3648",
"서울","양천구","화물","2025.06 월","144","10659","2933","13736",
"서울","양천구","특수","2025.06 월","8","273","436","717",
"서울","양천구","총계","2025.06 월","345","140553","8906","149804",
"서울","영등포구","승용","2025.06 월","130","118063","2761","120954",
"서울","영등포구","승합","2025.06 월","60","3383","198","3641",
"서울","영등포구","화물","2025.06 월","174","12610","4384","17168",
"서울","영등포구","특수","2025.06 월","17","474","627","1118",
"서울","영등포구","총계","2025.06 월","381","134530","7970","142881",
"서울","용산구","승용","2025.06 월","262","63507","1119","64888",
"서울","용산구","승합","2025.06 월","125","1688","75","1888",
"서울","용산구","화물","2025.06 월","150","4907","1051","6108",
"서울","용산구","특수","2025.06 월","13","155","31","199",
"서울","용산구","총계","2025.06 월","550","70257","2276","73083",
"서울","은평구","승용","2025.06 월","100","113724","4147","117971",
"서울","은평구","승합","2025.06 월","45","2739","755","3539",
"서울","은평구","화물","2025.06 월","141","9632","2027","11800",
"서울","은평구","특수","2025.06 월","16","201","181","398",
"서울","은평구","총계","2025.06 월","302","126296","7110","133708",
"서울","종로구","승용","2025.06 월","1753","39096","242","41091",
"서울","종로구","승합","2025.06 월","1481","1320","252","3053",
"서울","종로구","화물","2025.06 월","334","3554","1601","5489",
"서울","종로구","특수","2025.06 월","102","93","102","297",
"서울","종로구","총계","2025.06 월","3670","44063","2197","49930",
"서울","중구","승용","2025.06 월","288","39646","1488","41422",
"서울","중구","승합","2025.06 월","809","1685","243","2737",
"서울","중구","화물","2025.06 월","177","4533","1159","5869",
"서울","중구","특수","2025.06 월","24","223","100","347",
"서울","중구","총계","2025.06 월","1298","46087","2990","50375",
"서울","중랑구","승용","2025.06 월","80","91269","5905","97254",
"서울","중랑구","승합","2025.06 월","32","2771","586","3389",
"서울","중랑구","화물","2025.06 월","123","11234","2766","14123",
"서울","중랑구","특수","2025.06 월","14","244","317","575",
"서울","중랑구","총계","2025.06 월","249","105518","9574","115341",
"부산","계","승용","2025.06 월","1945","1196465","145510","1343920",
"부산","계","승합","2025.06 월","1283","26916","6332","34531",
"부산","계","화물","2025.06 월","1611","144766","36236","182613",
"부산","계","특수","2025.06 월","152","3319","9051","12522",
"부산","계","총계","2025.06 월","4991","1371466","197129","1573586",
"부산","강서구","승용","2025.06 월","126","70027","1971","72124",
"부산","강서구","승합","2025.06 월","86","1539","328","1953",
"부산","강서구","화물","2025.06 월","132","16134","2869","19135",
"부산","강서구","특수","2025.06 월","10","428","655","1093",
"부산","강서구","총계","2025.06 월","354","88128","5823","94305",
"부산","중구","승용","2025.06 월","157","35643","119","35919",
"부산","중구","승합","2025.06 월","62","469","4","535",
"부산","중구","화물","2025.06 월","78","1807","5283","7168",
"부산","중구","특수","2025.06 월","14","110","1678","1802",
"부산","중구","총계","2025.06 월","311","38029","7084","45424",
"부산","금정구","승용","2025.06 월","100","64489","2403","66992",
"부산","금정구","승합","2025.06 월","63","1909","934","2906",
"부산","금정구","화물","2025.06 월","103","9286","3090","12479",
"부산","금정구","특수","2025.06 월","13","203","631","847",
"부산","금정구","총계","2025.06 월","279","75887","7058","83224",
"부산","기장군","승용","2025.06 월","82","75638","864","76584",
"부산","기장군","승합","2025.06 월","49","1924","545","2518",
"부산","기장군","화물","2025.06 월","122","10681","1209","12012",
"부산","기장군","특수","2025.06 월","13","266","211","490",
"부산","기장군","총계","2025.06 월","266","88509","2829","91604",
"부산","남구","승용","2025.06 월","112","81560","2840","84512",
"부산","남구","승합","2025.06 월","60","1957","486","2503",
"부산","남구","화물","2025.06 월","59","8512","4354","12925",
"부산","남구","특수","2025.06 월","4","319","1456","1779",
"부산","남구","총계","2025.06 월","235","92348","9136","101719",
"부산","동구","승용","2025.06 월","83","44917","913","45913",
"부산","동구","승합","2025.06 월","48","809","170","1027",
"부산","동구","화물","2025.06 월","62","3493","2343","5898",
"부산","동구","특수","2025.06 월","5","92","1032","1129",
"부산","동구","총계","2025.06 월","198","49311","4458","53967",
"부산","동래구","승용","2025.06 월","72","88464","1690","90226",
"부산","동래구","승합","2025.06 월","27","1827","357","2211",
"부산","동래구","화물","2025.06 월","64","9865","1564","11493",
"부산","동래구","특수","2025.06 월","1","211","271","483",
"부산","동래구","총계","2025.06 월","164","100367","3882","104413",
"부산","부산진구","승용","2025.06 월","131","123278","30394","153803",
"부산","부산진구","승합","2025.06 월","62","2557","572","3191",
"부산","부산진구","화물","2025.06 월","172","12915","2484","15571",
"부산","부산진구","특수","2025.06 월","10","211","553","774",
"부산","부산진구","총계","2025.06 월","375","138961","34003","173339",
"부산","북구","승용","2025.06 월","156","86843","1505","88504",
"부산","북구","승합","2025.06 월","50","2000","310","2360",
"부산","북구","화물","2025.06 월","106","11563","1600","13269",
"부산","북구","특수","2025.06 월","10","211","249","470",
"부산","북구","총계","2025.06 월","322","100617","3664","104603",
"부산","사상구","승용","2025.06 월","102","66271","2238","68611",
"부산","사상구","승합","2025.06 월","57","1973","213","2243",
"부산","사상구","화물","2025.06 월","100","13922","2314","16336",
"부산","사상구","특수","2025.06 월","8","237","324","569",
"부산","사상구","총계","2025.06 월","267","82403","5089","87759",
"부산","사하구","승용","2025.06 월","115","92600","3489","96204",
"부산","사하구","승합","2025.06 월","51","2515","344","2910",
"부산","사하구","화물","2025.06 월","103","12583","2001","14687",
"부산","사하구","특수","2025.06 월","9","223","287","519",
"부산","사하구","총계","2025.06 월","278","107921","6121","114320",
"부산","서구","승용","2025.06 월","61","26488","362","26911",
"부산","서구","승합","2025.06 월","32","830","18","880",
"부산","서구","화물","2025.06 월","40","3621","875","4536",
"부산","서구","특수","2025.06 월","0","65","88","153",
"부산","서구","총계","2025.06 월","133","31004","1343","32480",
"부산","수영구","승용","2025.06 월","51","56627","68862","125540",
"부산","수영구","승합","2025.06 월","24","1356","767","2147",
"부산","수영구","화물","2025.06 월","82","5293","1288","6663",
"부산","수영구","특수","2025.06 월","11","151","356","518",
"부산","수영구","총계","2025.06 월","168","63427","71273","134868",
"부산","연제구","승용","2025.06 월","373","114472","24496","139341",
"부산","연제구","승합","2025.06 월","503","1613","729","2845",
"부산","연제구","화물","2025.06 월","180","8780","2343","11303",
"부산","연제구","특수","2025.06 월","26","206","717","949",
"부산","연제구","총계","2025.06 월","1082","125071","28285","154438",
"부산","영도구","승용","2025.06 월","86","26318","1225","27629",
"부산","영도구","승합","2025.06 월","51","905","323","1279",
"부산","영도구","화물","2025.06 월","84","3976","385","4445",
"부산","영도구","특수","2025.06 월","9","53","56","118",
"부산","영도구","총계","2025.06 월","230","31252","1989","33471",
"부산","해운대구","승용","2025.06 월","138","142830","2139","145107",
"부산","해운대구","승합","2025.06 월","58","2733","232","3023",
"부산","해운대구","화물","2025.06 월","124","12335","2234","14693",
"부산","해운대구","특수","2025.06 월","9","333","487","829",
"부산","해운대구","총계","2025.06 월","329","158231","5092","163652",
"대구","계","승용","2025.06 월","1098","1035739","31322","1068159",
"대구","계","승합","2025.06 월","1032","20773","3886","25691",
"대구","계","화물","2025.06 월","1463","136646","20789","158898",
"대구","계","특수","2025.06 월","161","3043","2243","5447",
"대구","계","총계","2025.06 월","3754","1196201","58240","1258195",
"대구","중구","승용","2025.06 월","89","52990","1204","54283",
"대구","중구","승합","2025.06 월","73","990","320","1383",
"대구","중구","화물","2025.06 월","147","4299","493","4939",
"대구","중구","특수","2025.06 월","17","93","34","144",
"대구","중구","총계","2025.06 월","326","58372","2051","60749",
"대구","남구","승용","2025.06 월","84","47889","884","48857",
"대구","남구","승합","2025.06 월","239","1190","102","1531",
"대구","남구","화물","2025.06 월","79","6169","507","6755",
"대구","남구","특수","2025.06 월","3","131","57","191",
"대구","남구","총계","2025.06 월","405","55379","1550","57334",
"대구","동구","승용","2025.06 월","114","142451","4282","146847",
"대구","동구","승합","2025.06 월","91","3105","729","3925",
"대구","동구","화물","2025.06 월","159","19037","3935","23131",
"대구","동구","특수","2025.06 월","11","461","519","991",
"대구","동구","총계","2025.06 월","375","165054","9465","174894",
"대구","북구","승용","2025.06 월","163","170146","2580","172889",
"대구","북구","승합","2025.06 월","127","3503","647","4277",
"대구","북구","화물","2025.06 월","225","27771","4487","32483",
"대구","북구","특수","2025.06 월","27","588","445","1060",
"대구","북구","총계","2025.06 월","542","202008","8159","210709",
"대구","서구","승용","2025.06 월","95","59500","3043","62638",
"대구","서구","승합","2025.06 월","41","1582","216","1839",
"대구","서구","화물","2025.06 월","122","10672","1532","12326",
"대구","서구","특수","2025.06 월","9","167","111","287",
"대구","서구","총계","2025.06 월","267","71921","4902","77090",
"대구","군위군","승용","2025.06 월","49","10039","65","10153",
"대구","군위군","승합","2025.06 월","36","370","21","427",
"대구","군위군","화물","2025.06 월","52","5240","140","5432",
"대구","군위군","특수","2025.06 월","3","67","21","91",
"대구","군위군","총계","2025.06 월","140","15716","247","16103",
"대구","달서구","승용","2025.06 월","192","238367","14905","253464",
"대구","달서구","승합","2025.06 월","113","4415","737","5265",
"대구","달서구","화물","2025.06 월","180","28684","5408","34272",
"대구","달서구","특수","2025.06 월","14","627","586","1227",
"대구","달서구","총계","2025.06 월","499","272093","21636","294228",
"대구","달성군","승용","2025.06 월","121","117875","1518","119514",
"대구","달성군","승합","2025.06 월","119","2755","502","3376",
"대구","달성군","화물","2025.06 월","288","19473","2895","22656",
"대구","달성군","특수","2025.06 월","65","415","298","778",
"대구","달성군","총계","2025.06 월","593","140518","5213","146324",
"대구","수성구","승용","2025.06 월","191","196482","2841","199514",
"대구","수성구","승합","2025.06 월","193","2863","612","3668",
"대구","수성구","화물","2025.06 월","211","15301","1392","16904",
"대구","수성구","특수","2025.06 월","12","494","172","678",
"대구","수성구","총계","2025.06 월","607","215140","5017","220764",
"인천","계","승용","2025.06 월","1777","1281587","225416","1508780",
"인천","계","승합","2025.06 월","1212","28767","7327","37306",
"인천","계","화물","2025.06 월","1355","163047","35635","200037",
"인천","계","특수","2025.06 월","146","4152","5401","9699",
"인천","계","총계","2025.06 월","4490","1477553","273779","1755822",
"인천","중구","승용","2025.06 월","321","74527","914","75762",
"인천","중구","승합","2025.06 월","156","1770","775","2701",
"인천","중구","화물","2025.06 월","189","8454","8617","17260",
"인천","중구","특수","2025.06 월","18","383","1733","2134",
"인천","중구","총계","2025.06 월","684","85134","12039","97857",
"인천","동구","승용","2025.06 월","36","19787","926","20749",
"인천","동구","승합","2025.06 월","36","804","72","912",
"인천","동구","화물","2025.06 월","34","3324","1331","4689",
"인천","동구","특수","2025.06 월","2","103","318","423",
"인천","동구","총계","2025.06 월","108","24018","2647","26773",
"인천","서구","승용","2025.06 월","225","272791","5194","278210",
"인천","서구","승합","2025.06 월","112","5957","1348","7417",
"인천","서구","화물","2025.06 월","195","33833","6447","40475",
"인천","서구","특수","2025.06 월","29","970","734","1733",
"인천","서구","총계","2025.06 월","561","313551","13723","327835",
"인천","강화군","승용","2025.06 월","144","27964","4182","32290",
"인천","강화군","승합","2025.06 월","53","1093","285","1431",
"인천","강화군","화물","2025.06 월","154","10670","773","11597",
"인천","강화군","특수","2025.06 월","11","242","87","340",
"인천","강화군","총계","2025.06 월","362","39969","5327","45658",
"인천","계양구","승용","2025.06 월","108","95028","124295","219431",
"인천","계양구","승합","2025.06 월","60","2938","1786","4784",
"인천","계양구","화물","2025.06 월","108","25804","2901","28813",
"인천","계양구","특수","2025.06 월","19","464","347","830",
"인천","계양구","총계","2025.06 월","295","124234","129329","253858",
"인천","남동구","승용","2025.06 월","369","223318","16960","240647",
"인천","남동구","승합","2025.06 월","468","4665","798","5931",
"인천","남동구","화물","2025.06 월","171","28084","3619","31874",
"인천","남동구","특수","2025.06 월","25","591","487","1103",
"인천","남동구","총계","2025.06 월","1033","256658","21864","279555",
"인천","미추홀구","승용","2025.06 월","190","145238","13170","158598",
"인천","미추홀구","승합","2025.06 월","102","3875","75","4052",
"인천","미추홀구","화물","2025.06 월","139","16784","5208","22131",
"인천","미추홀구","특수","2025.06 월","18","446","855","1319",
"인천","미추홀구","총계","2025.06 월","449","166343","19308","186100",
"인천","부평구","승용","2025.06 월","150","201947","32960","235057",
"인천","부평구","승합","2025.06 월","81","4170","1038","5289",
"인천","부평구","화물","2025.06 월","101","19836","3113","23050",
"인천","부평구","특수","2025.06 월","8","478","304","790",
"인천","부평구","총계","2025.06 월","340","226431","37415","264186",
"인천","연수구","승용","2025.06 월","161","212221","5606","217988",
"인천","연수구","승합","2025.06 월","88","2981","712","3781",
"인천","연수구","화물","2025.06 월","139","12254","3569","15962",
"인천","연수구","특수","2025.06 월","13","421","523","957",
"인천","연수구","총계","2025.06 월","401","227877","10410","238688",
"인천","옹진군","승용","2025.06 월","73","8766","21209","30048",
"인천","옹진군","승합","2025.06 월","56","514","438","1008",
"인천","옹진군","화물","2025.06 월","125","4004","57","4186",
"인천","옹진군","특수","2025.06 월","3","54","13","70",
"인천","옹진군","총계","2025.06 월","257","13338","21717","35312",
"광주","계","승용","2025.06 월","934","603422","13491","617847",
"광주","계","승합","2025.06 월","616","13184","2286","16086",
"광주","계","화물","2025.06 월","840","76355","14722","91917",
"광주","계","특수","2025.06 월","91","2140","1960","4191",
"광주","계","총계","2025.06 월","2481","695101","32459","730041",
"광주","남구","승용","2025.06 월","92","84179","869","85140",
"광주","남구","승합","2025.06 월","48","1770","456","2274",
"광주","남구","화물","2025.06 월","88","8531","1034","9653",
"광주","남구","특수","2025.06 월","11","243","185","439",
"광주","남구","총계","2025.06 월","239","94723","2544","97506",
"광주","동구","승용","2025.06 월","96","41979","414","42489",
"광주","동구","승합","2025.06 월","54","887","115","1056",
"광주","동구","화물","2025.06 월","102","4050","401","4553",
"광주","동구","특수","2025.06 월","10","112","71","193",
"광주","동구","총계","2025.06 월","262","47028","1001","48291",
"광주","북구","승용","2025.06 월","190","174491","4580","179261",
"광주","북구","승합","2025.06 월","208","3696","1003","4907",
"광주","북구","화물","2025.06 월","224","22657","3532","26413",
"광주","북구","특수","2025.06 월","18","608","530","1156",
"광주","북구","총계","2025.06 월","640","201452","9645","211737",
"광주","서구","승용","2025.06 월","314","127173","3730","131217",
"광주","서구","승합","2025.06 월","151","2816","333","3300",
"광주","서구","화물","2025.06 월","229","14802","1684","16715",
"광주","서구","특수","2025.06 월","22","424","219","665",
"광주","서구","총계","2025.06 월","716","145215","5966","151897",
"광주","광산구","승용","2025.06 월","242","175600","3898","179740",
"광주","광산구","승합","2025.06 월","155","4015","379","4549",
"광주","광산구","화물","2025.06 월","197","26315","8071","34583",
"광주","광산구","특수","2025.06 월","30","753","955","1738",
"광주","광산구","총계","2025.06 월","624","206683","13303","220610",
"대전","계","승용","2025.06 월","730","601802","34198","636730",
"대전","계","승합","2025.06 월","574","13203","2233","16010",
"대전","계","화물","2025.06 월","917","71866","12554","85337",
"대전","계","특수","2025.06 월","83","2158","1712","3953",
"대전","계","총계","2025.06 월","2304","689029","50697","742030",
"대전","중구","승용","2025.06 월","98","84849","2337","87284",
"대전","중구","승합","2025.06 월","47","2322","436","2805",
"대전","중구","화물","2025.06 월","78","11919","2146","14143",
"대전","중구","특수","2025.06 월","7","296","271","574",
"대전","중구","총계","2025.06 월","230","99386","5190","104806",
"대전","동구","승용","2025.06 월","91","79234","2976","82301",
"대전","동구","승합","2025.06 월","55","2212","455","2722",
"대전","동구","화물","2025.06 월","96","12965","1641","14702",
"대전","동구","특수","2025.06 월","12","338","223","573",
"대전","동구","총계","2025.06 월","254","94749","5295","100298",
"대전","서구","승용","2025.06 월","333","187597","24419","212349",
"대전","서구","승합","2025.06 월","331","3806","431","4568",
"대전","서구","화물","2025.06 월","197","18375","2414","20986",
"대전","서구","특수","2025.06 월","29","526","487","1042",
"대전","서구","총계","2025.06 월","890","210304","27751","238945",
"대전","대덕구","승용","2025.06 월","86","72251","1894","74231",
"대전","대덕구","승합","2025.06 월","45","1923","547","2515",
"대전","대덕구","화물","2025.06 월","108","13400","3900","17408",
"대전","대덕구","특수","2025.06 월","9","365","434","808",
"대전","대덕구","총계","2025.06 월","248","87939","6775","94962",
"대전","유성구","승용","2025.06 월","122","177871","2572","180565",
"대전","유성구","승합","2025.06 월","96","2940","364","3400",
"대전","유성구","화물","2025.06 월","438","15207","2453","18098",
"대전","유성구","특수","2025.06 월","26","633","297","956",
"대전","유성구","총계","2025.06 월","682","196651","5686","203019",
"울산","계","승용","2025.06 월","779","511765","7369","519913",
"울산","계","승합","2025.06 월","514","9879","1996","12389",
"울산","계","화물","2025.06 월","665","62483","10444","73592",
"울산","계","특수","2025.06 월","56","1499","2306","3861",
"울산","계","총계","2025.06 월","2014","585626","22115","609755",
"울산","중구","승용","2025.06 월","150","91473","1123","92746",
"울산","중구","승합","2025.06 월","111","1770","285","2166",
"울산","중구","화물","2025.06 월","90","9820","951","10861",
"울산","중구","특수","2025.06 월","6","240","278","524",
"울산","중구","총계","2025.06 월","357","103303","2637","106297",
"울산","남구","승용","2025.06 월","312","140031","2829","143172",
"울산","남구","승합","2025.06 월","223","2543","579","3345",
"울산","남구","화물","2025.06 월","242","15988","3279","19509",
"울산","남구","특수","2025.06 월","20","378","617","1015",
"울산","남구","총계","2025.06 월","797","158940","7304","167041",
"울산","동구","승용","2025.06 월","71","58736","763","59570",
"울산","동구","승합","2025.06 월","44","1139","147","1330",
"울산","동구","화물","2025.06 월","75","4692","337","5104",
"울산","동구","특수","2025.06 월","7","156","59","222",
"울산","동구","총계","2025.06 월","197","64723","1306","66226",
"울산","북구","승용","2025.06 월","89","111214","1525","112828",
"울산","북구","승합","2025.06 월","39","1938","307","2284",
"울산","북구","화물","2025.06 월","91","11100","1628","12819",
"울산","북구","특수","2025.06 월","9","277","336","622",
"울산","북구","총계","2025.06 월","228","124529","3796","128553",
"울산","울주군","승용","2025.06 월","157","110311","1129","111597",
"울산","울주군","승합","2025.06 월","97","2489","678","3264",
"울산","울주군","화물","2025.06 월","167","20883","4249","25299",
"울산","울주군","특수","2025.06 월","14","448","1016","1478",
"울산","울주군","총계","2025.06 월","435","134131","7072","141638",
"세종","계","승용","2025.06 월","364","179951","1374","181689",
"세종","계","승합","2025.06 월","243","3046","650","3939",
"세종","계","화물","2025.06 월","264","14859","1989","17112",
"세종","계","특수","2025.06 월","84","644","178","906",
"세종","계","총계","2025.06 월","955","198500","4191","203646",
"세종","세종특별자치시","승용","2025.06 월","364","179951","1374","181689",
"세종","세종특별자치시","승합","2025.06 월","243","3046","650","3939",
"세종","세종특별자치시","화물","2025.06 월","264","14859","1989","17112",
"세종","세종특별자치시","특수","2025.06 월","84","644","178","906",
"세종","세종특별자치시","총계","2025.06 월","955","198500","4191","203646",
"경기","계","승용","2025.06 월","8460","5530840","83920","5623220",
"경기","계","승합","2025.06 월","4222","132785","32415","169422",
"경기","계","화물","2025.06 월","5798","711337","138257","855392",
"경기","계","특수","2025.06 월","637","19024","12407","32068",
"경기","계","총계","2025.06 월","19117","6393986","266999","6680102",
"경기","가평군","승용","2025.06 월","151","25737","155","26043",
"경기","가평군","승합","2025.06 월","83","1053","155","1291",
"경기","가평군","화물","2025.06 월","154","6608","212","6974",
"경기","가평군","특수","2025.06 월","24","139","46","209",
"경기","가평군","총계","2025.06 월","412","33537","568","34517",
"경기","고양시 덕양구","승용","2025.06 월","325","174468","1747","176540",
"경기","고양시 덕양구","승합","2025.06 월","153","3831","446","4430",
"경기","고양시 덕양구","화물","2025.06 월","199","18765","2740","21704",
"경기","고양시 덕양구","특수","2025.06 월","21","463","268","752",
"경기","고양시 덕양구","총계","2025.06 월","698","197527","5201","203426",
"경기","고양시 일산동구","승용","2025.06 월","109","115388","3631","119128",
"경기","고양시 일산동구","승합","2025.06 월","79","2273","613","2965",
"경기","고양시 일산동구","화물","2025.06 월","78","12995","2093","15166",
"경기","고양시 일산동구","특수","2025.06 월","12","369","157","538",
"경기","고양시 일산동구","총계","2025.06 월","278","131025","6494","137797",
"경기","고양시 일산서구","승용","2025.06 월","72","105058","2233","107363",
"경기","고양시 일산서구","승합","2025.06 월","22","1963","574","2559",
"경기","고양시 일산서구","화물","2025.06 월","38","9039","1525","10602",
"경기","고양시 일산서구","특수","2025.06 월","1","230","135","366",
"경기","고양시 일산서구","총계","2025.06 월","133","116290","4467","120890",
"경기","과천시","승용","2025.06 월","481","29915","314","30710",
"경기","과천시","승합","2025.06 월","100","503","43","646",
"경기","과천시","화물","2025.06 월","129","1963","475","2567",
"경기","과천시","특수","2025.06 월","15","83","10","108",
"경기","과천시","총계","2025.06 월","725","32464","842","34031",
"경기","광명시","승용","2025.06 월","142","92213","1653","94008",
"경기","광명시","승합","2025.06 월","66","2181","406","2653",
"경기","광명시","화물","2025.06 월","110","10062","2366","12538",
"경기","광명시","특수","2025.06 월","11","238","202","451",
"경기","광명시","총계","2025.06 월","329","104694","4627","109650",
"경기","광주시","승용","2025.06 월","213","173874","980","175067",
"경기","광주시","승합","2025.06 월","91","4493","2280","6864",
"경기","광주시","화물","2025.06 월","132","30289","5595","36016",
"경기","광주시","특수","2025.06 월","17","742","346","1105",
"경기","광주시","총계","2025.06 월","453","209398","9201","219052",
"경기","구리시","승용","2025.06 월","96","61812","1145","63053",
"경기","구리시","승합","2025.06 월","75","1472","280","1827",
"경기","구리시","화물","2025.06 월","101","8221","1417","9739",
"경기","구리시","특수","2025.06 월","14","195","146","355",
"경기","구리시","총계","2025.06 월","286","71700","2988","74974",
"경기","군포시","승용","2025.06 월","133","86865","827","87825",
"경기","군포시","승합","2025.06 월","72","1926","174","2172",
"경기","군포시","화물","2025.06 월","92","8816","3811","12719",
"경기","군포시","특수","2025.06 월","10","183","247","440",
"경기","군포시","총계","2025.06 월","307","97790","5059","103156",
"경기","김포시","승용","2025.06 월","260","203870","2966","207096",
"경기","김포시","승합","2025.06 월","112","4704","1691","6507",
"경기","김포시","화물","2025.06 월","206","30675","4585","35466",
"경기","김포시","특수","2025.06 월","9","727","689","1425",
"경기","김포시","총계","2025.06 월","587","239976","9931","250494",
"경기","남양주시","승용","2025.06 월","381","270720","2214","273315",
"경기","남양주시","승합","2025.06 월","197","6664","1021","7882",
"경기","남양주시","화물","2025.06 월","220","42392","6625","49237",
"경기","남양주시","특수","2025.06 월","28","1123","498","1649",
"경기","남양주시","총계","2025.06 월","826","320899","10358","332083",
"경기","동두천시","승용","2025.06 월","100","32118","672","32890",
"경기","동두천시","승합","2025.06 월","45","1161","73","1279",
"경기","동두천시","화물","2025.06 월","82","5291","698","6071",
"경기","동두천시","특수","2025.06 월","11","115","54","180",
"경기","동두천시","총계","2025.06 월","238","38685","1497","40420",
"경기","부천시 소사구","승용","2025.06 월","49","73126","1662","74837",
"경기","부천시 소사구","승합","2025.06 월","19","1985","115","2119",
"경기","부천시 소사구","화물","2025.06 월","35","8111","1277","9423",
"경기","부천시 소사구","특수","2025.06 월","1","169","178","348",
"경기","부천시 소사구","총계","2025.06 월","104","83391","3232","86727",
"경기","부천시","승용","2025.06 월","5","102","1","108",
"경기","부천시","승합","2025.06 월","0","38","10","48",
"경기","부천시","화물","2025.06 월","0","127","7","134",
"경기","부천시","특수","2025.06 월","0","0","1","1",
"경기","부천시","총계","2025.06 월","5","267","19","291",
"경기","부천시 오정구","승용","2025.06 월","38","52110","962","53110",
"경기","부천시 오정구","승합","2025.06 월","31","1782","446","2259",
"경기","부천시 오정구","화물","2025.06 월","32","9633","1759","11424",
"경기","부천시 오정구","특수","2025.06 월","4","201","172","377",
"경기","부천시 오정구","총계","2025.06 월","105","63726","3339","67170",
"경기","성남시 분당구","승용","2025.06 월","203","179058","3930","183191",
"경기","성남시 분당구","승합","2025.06 월","57","2276","1396","3729",
"경기","성남시 분당구","화물","2025.06 월","106","7473","1974","9553",
"경기","성남시 분당구","특수","2025.06 월","9","358","167","534",
"경기","성남시 분당구","총계","2025.06 월","375","189165","7467","197007",
"경기","부천시 원미구","승용","2025.06 월","196","128582","2807","131585",
"경기","부천시 원미구","승합","2025.06 월","149","3301","569","4019",
"경기","부천시 원미구","화물","2025.06 월","157","15394","3317","18868",
"경기","부천시 원미구","특수","2025.06 월","25","365","202","592",
"경기","부천시 원미구","총계","2025.06 월","527","147642","6895","155064",
"경기","성남시 수정구","승용","2025.06 월","164","71822","1648","73634",
"경기","성남시 수정구","승합","2025.06 월","59","1934","196","2189",
"경기","성남시 수정구","화물","2025.06 월","79","7345","1558","8982",
"경기","성남시 수정구","특수","2025.06 월","3","172","163","338",
"경기","성남시 수정구","총계","2025.06 월","305","81273","3565","85143",
"경기","성남시 중원구","승용","2025.06 월","217","63423","2068","65708",
"경기","성남시 중원구","승합","2025.06 월","56","1970","310","2336",
"경기","성남시 중원구","화물","2025.06 월","98","8639","1593","10330",
"경기","성남시 중원구","특수","2025.06 월","20","184","167","371",
"경기","성남시 중원구","총계","2025.06 월","391","74216","4138","78745",
"경기","수원시 권선구","승용","2025.06 월","110","186818","5096","192024",
"경기","수원시 권선구","승합","2025.06 월","169","4456","1502","6127",
"경기","수원시 권선구","화물","2025.06 월","161","19756","3162","23079",
"경기","수원시 권선구","특수","2025.06 월","21","639","547","1207",
"경기","수원시 권선구","총계","2025.06 월","461","211669","10307","222437",
"경기","수원시 영통구","승용","2025.06 월","275","145208","1861","147344",
"경기","수원시 영통구","승합","2025.06 월","108","1954","140","2202",
"경기","수원시 영통구","화물","2025.06 월","66","6657","1423","8146",
"경기","수원시 영통구","특수","2025.06 월","2","266","128","396",
"경기","수원시 영통구","총계","2025.06 월","451","154085","3552","158088",
"경기","수원시 장안구","승용","2025.06 월","285","98527","1033","99845",
"경기","수원시 장안구","승합","2025.06 월","148","2592","479","3219",
"경기","수원시 장안구","화물","2025.06 월","101","8163","2132","10396",
"경기","수원시 장안구","특수","2025.06 월","17","253","123","393",
"경기","수원시 장안구","총계","2025.06 월","551","109535","3767","113853",
"경기","수원시 팔달구","승용","2025.06 월","147","72337","1356","73840",
"경기","수원시 팔달구","승합","2025.06 월","68","2271","73","2412",
"경기","수원시 팔달구","화물","2025.06 월","90","6347","2011","8448",
"경기","수원시 팔달구","특수","2025.06 월","16","169","103","288",
"경기","수원시 팔달구","총계","2025.06 월","321","81124","3543","84988",
"경기","시흥시","승용","2025.06 월","174","227965","1863","230002",
"경기","시흥시","승합","2025.06 월","107","5999","474","6580",
"경기","시흥시","화물","2025.06 월","151","37144","6447","43742",
"경기","시흥시","특수","2025.06 월","23","742","516","1281",
"경기","시흥시","총계","2025.06 월","455","271850","9300","281605",
"경기","안산시 단원구","승용","2025.06 월","216","137663","5799","143678",
"경기","안산시 단원구","승합","2025.06 월","153","4648","1150","5951",
"경기","안산시 단원구","화물","2025.06 월","226","22869","4033","27128",
"경기","안산시 단원구","특수","2025.06 월","12","443","322","777",
"경기","안산시 단원구","총계","2025.06 월","607","165623","11304","177534",
"경기","안산시 상록구","승용","2025.06 월","82","122118","2151","124351",
"경기","안산시 상록구","승합","2025.06 월","41","3674","637","4352",
"경기","안산시 상록구","화물","2025.06 월","34","18101","2700","20835",
"경기","안산시 상록구","특수","2025.06 월","3","466","370","839",
"경기","안산시 상록구","총계","2025.06 월","160","144359","5858","150377",
"경기","안성시","승용","2025.06 월","178","96778","753","97709",
"경기","안성시","승합","2025.06 월","93","2936","560","3589",
"경기","안성시","화물","2025.06 월","132","19612","3286","23030",
"경기","안성시","특수","2025.06 월","16","937","300","1253",
"경기","안성시","총계","2025.06 월","419","120263","4899","125581",
"경기","안양시 동안구","승용","2025.06 월","159","119882","2251","122292",
"경기","안양시 동안구","승합","2025.06 월","114","1971","574","2659",
"경기","안양시 동안구","화물","2025.06 월","130","9795","3811","13736",
"경기","안양시 동안구","특수","2025.06 월","10","347","169","526",
"경기","안양시 동안구","총계","2025.06 월","413","131995","6805","139213",
"경기","안양시 만안구","승용","2025.06 월","93","77027","1350","78470",
"경기","안양시 만안구","승합","2025.06 월","29","2054","923","3006",
"경기","안양시 만안구","화물","2025.06 월","42","9071","1588","10701",
"경기","안양시 만안구","특수","2025.06 월","0","202","126","328",
"경기","안양시 만안구","총계","2025.06 월","164","88354","3987","92505",
"경기","양주시","승용","2025.06 월","188","120553","704","121445",
"경기","양주시","승합","2025.06 월","89","3566","525","4180",
"경기","양주시","화물","2025.06 월","170","20066","3037","23273",
"경기","양주시","특수","2025.06 월","14","534","264","812",
"경기","양주시","총계","2025.06 월","461","144719","4530","149710",
"경기","양평군","승용","2025.06 월","246","54371","422","55039",
"경기","양평군","승합","2025.06 월","97","1594","520","2211",
"경기","양평군","화물","2025.06 월","263","12129","902","13294",
"경기","양평군","특수","2025.06 월","11","298","83","392",
"경기","양평군","총계","2025.06 월","617","68392","1927","70936",
"경기","여주시","승용","2025.06 월","191","54051","362","54604",
"경기","여주시","승합","2025.06 월","87","1941","657","2685",
"경기","여주시","화물","2025.06 월","202","14286","6488","20976",
"경기","여주시","특수","2025.06 월","9","344","342","695",
"경기","여주시","총계","2025.06 월","489","70622","7849","78960",
"경기","연천군","승용","2025.06 월","92","17911","324","18327",
"경기","연천군","승합","2025.06 월","69","691","247","1007",
"경기","연천군","화물","2025.06 월","156","6359","4103","10618",
"경기","연천군","특수","2025.06 월","7","135","489","631",
"경기","연천군","총계","2025.06 월","324","25096","5163","30583",
"경기","오산시","승용","2025.06 월","99","111462","1271","112832",
"경기","오산시","승합","2025.06 월","63","2647","563","3273",
"경기","오산시","화물","2025.06 월","66","10704","2779","13549",
"경기","오산시","특수","2025.06 월","10","339","185","534",
"경기","오산시","총계","2025.06 월","238","125152","4798","130188",
"경기","용인시 기흥구","승용","2025.06 월","50","187093","3431","190574",
"경기","용인시 기흥구","승합","2025.06 월","42","3154","762","3958",
"경기","용인시 기흥구","화물","2025.06 월","50","11356","3743","15149",
"경기","용인시 기흥구","특수","2025.06 월","12","515","377","904",
"경기","용인시 기흥구","총계","2025.06 월","154","202118","8313","210585",
"경기","용인시 수지구","승용","2025.06 월","27","144937","871","145835",
"경기","용인시 수지구","승합","2025.06 월","16","1728","81","1825",
"경기","용인시 수지구","화물","2025.06 월","22","4728","1425","6175",
"경기","용인시 수지구","특수","2025.06 월","0","240","44","284",
"경기","용인시 수지구","총계","2025.06 월","65","151633","2421","154119",
"경기","용인시 처인구","승용","2025.06 월","407","128801","1701","130909",
"경기","용인시 처인구","승합","2025.06 월","170","3745","1543","5458",
"경기","용인시 처인구","화물","2025.06 월","237","21799","4874","26910",
"경기","용인시 처인구","특수","2025.06 월","19","738","418","1175",
"경기","용인시 처인구","총계","2025.06 월","833","155083","8536","164452",
"경기","의왕시","승용","2025.06 월","119","59667","416","60202",
"경기","의왕시","승합","2025.06 월","95","1174","193","1462",
"경기","의왕시","화물","2025.06 월","85","5655","2024","7764",
"경기","의왕시","특수","2025.06 월","8","157","300","465",
"경기","의왕시","총계","2025.06 월","307","66653","2933","69893",
"경기","의정부시","승용","2025.06 월","294","153419","2010","155723",
"경기","의정부시","승합","2025.06 월","257","4216","435","4908",
"경기","의정부시","화물","2025.06 월","195","17714","3115","21024",
"경기","의정부시","특수","2025.06 월","29","541","269","839",
"경기","의정부시","총계","2025.06 월","775","175890","5829","182494",
"경기","이천시","승용","2025.06 월","218","104070","898","105186",
"경기","이천시","승합","2025.06 월","89","3165","850","4104",
"경기","이천시","화물","2025.06 월","137","18960","4298","23395",
"경기","이천시","특수","2025.06 월","15","494","566","1075",
"경기","이천시","총계","2025.06 월","459","126689","6612","133760",
"경기","파주시","승용","2025.06 월","285","219139","2848","222272",
"경기","파주시","승합","2025.06 월","94","5226","2648","7968",
"경기","파주시","화물","2025.06 월","172","31266","6420","37858",
"경기","파주시","특수","2025.06 월","22","720","303","1045",
"경기","파주시","총계","2025.06 월","573","256351","12219","269143",
"경기","평택시","승용","2025.06 월","382","294296","3785","298463",
"경기","평택시","승합","2025.06 월","162","7270","2148","9580",
"경기","평택시","화물","2025.06 월","263","36012","7707","43982",
"경기","평택시","특수","2025.06 월","23","1024","983","2030",
"경기","평택시","총계","2025.06 월","830","338602","14623","354055",
"경기","포천시","승용","2025.06 월","196","67096","6002","73294",
"경기","포천시","승합","2025.06 월","76","2592","772","3440",
"경기","포천시","화물","2025.06 월","159","20820","2397","23376",
"경기","포천시","특수","2025.06 월","17","362","368","747",
"경기","포천시","총계","2025.06 월","448","90870","9539","100857",
"경기","하남시","승용","2025.06 월","205","123258","987","124450",
"경기","하남시","승합","2025.06 월","87","2349","354","2790",
"경기","하남시","화물","2025.06 월","151","15309","2362","17822",
"경기","하남시","특수","2025.06 월","12","347","157","516",
"경기","하남시","총계","2025.06 월","455","141263","3860","145578",
"경기","화성시","승용","2025.06 월","407","466132","2760","469299",
"경기","화성시","승합","2025.06 월","233","9662","2807","12702",
"경기","화성시","화물","2025.06 월","289","64821","8363","73473",
"경기","화성시","특수","2025.06 월","74","1716","707","2497",
"경기","화성시","총계","2025.06 월","1003","542331","14637","557971",
"강원","계","승용","2025.06 월","2106","668344","11779","682229",
"강원","계","승합","2025.06 월","1694","19148","2977","23819",
"강원","계","화물","2025.06 월","2722","153176","9368","165266",
"강원","계","특수","2025.06 월","293","3391","1971","5655",
"강원","계","총계","2025.06 월","6815","844059","26095","876969",
"강원","강릉시","승용","2025.06 월","183","94825","2337","97345",
"강원","강릉시","승합","2025.06 월","138","2382","503","3023",
"강원","강릉시","화물","2025.06 월","269","17970","1425","19664",
"강원","강릉시","특수","2025.06 월","38","427","407","872",
"강원","강릉시","총계","2025.06 월","628","115604","4672","120904",
"강원","고성군","승용","2025.06 월","54","11965","109","12128",
"강원","고성군","승합","2025.06 월","47","420","36","503",
"강원","고성군","화물","2025.06 월","104","3963","93","4160",
"강원","고성군","특수","2025.06 월","6","61","28","95",
"강원","고성군","총계","2025.06 월","211","16409","266","16886",
"강원","동해시","승용","2025.06 월","120","39980","731","40831",
"강원","동해시","승합","2025.06 월","82","1140","164","1386",
"강원","동해시","화물","2025.06 월","125","6852","521","7498",
"강원","동해시","특수","2025.06 월","11","181","211","403",
"강원","동해시","총계","2025.06 월","338","48153","1627","50118",
"강원","삼척시","승용","2025.06 월","122","26531","458","27111",
"강원","삼척시","승합","2025.06 월","98","763","120","981",
"강원","삼척시","화물","2025.06 월","183","6736","186","7105",
"강원","삼척시","특수","2025.06 월","10","154","47","211",
"강원","삼척시","총계","2025.06 월","413","34184","811","35408",
"강원","속초시","승용","2025.06 월","119","34225","852","35196",
"강원","속초시","승합","2025.06 월","89","1021","133","1243",
"강원","속초시","화물","2025.06 월","112","5278","313","5703",
"강원","속초시","특수","2025.06 월","8","153","89","250",
"강원","속초시","총계","2025.06 월","328","40677","1387","42392",
"강원","양구군","승용","2025.06 월","58","8936","62","9056",
"강원","양구군","승합","2025.06 월","56","286","30","372",
"강원","양구군","화물","2025.06 월","106","3357","56","3519",
"강원","양구군","특수","2025.06 월","10","52","20","82",
"강원","양구군","총계","2025.06 월","230","12631","168","13029",
"강원","양양군","승용","2025.06 월","47","12642","168","12857",
"강원","양양군","승합","2025.06 월","41","384","27","452",
"강원","양양군","화물","2025.06 월","125","4120","68","4313",
"강원","양양군","특수","2025.06 월","12","88","21","121",
"강원","양양군","총계","2025.06 월","225","17234","284","17743",
"강원","영월군","승용","2025.06 월","133","15161","152","15446",
"강원","영월군","승합","2025.06 월","79","608","56","743",
"강원","영월군","화물","2025.06 월","125","6186","137","6448",
"강원","영월군","특수","2025.06 월","13","122","53","188",
"강원","영월군","총계","2025.06 월","350","22077","398","22825",
"강원","원주시","승용","2025.06 월","225","163452","2526","166203",
"강원","원주시","승합","2025.06 월","162","4066","509","4737",
"강원","원주시","화물","2025.06 월","234","26517","2332","29083",
"강원","원주시","특수","2025.06 월","25","736","369","1130",
"강원","원주시","총계","2025.06 월","646","194771","5736","201153",
"강원","인제군","승용","2025.06 월","61","14671","88","14820",
"강원","인제군","승합","2025.06 월","56","439","57","552",
"강원","인제군","화물","2025.06 월","123","4992","114","5229",
"강원","인제군","특수","2025.06 월","10","88","31","129",
"강원","인제군","총계","2025.06 월","250","20190","290","20730",
"강원","정선군","승용","2025.06 월","118","14290","229","14637",
"강원","정선군","승합","2025.06 월","100","527","77","704",
"강원","정선군","화물","2025.06 월","155","6123","161","6439",
"강원","정선군","특수","2025.06 월","22","111","35","168",
"강원","정선군","총계","2025.06 월","395","21051","502","21948",
"강원","철원군","승용","2025.06 월","58","17123","205","17386",
"강원","철원군","승합","2025.06 월","72","629","56","757",
"강원","철원군","화물","2025.06 월","141","6988","147","7276",
"강원","철원군","특수","2025.06 월","16","93","22","131",
"강원","철원군","총계","2025.06 월","287","24833","430","25550",
"강원","춘천시","승용","2025.06 월","337","122450","2407","125194",
"강원","춘천시","승합","2025.06 월","295","2968","615","3878",
"강원","춘천시","화물","2025.06 월","273","18474","2762","21509",
"강원","춘천시","특수","2025.06 월","29","535","404","968",
"강원","춘천시","총계","2025.06 월","934","144427","6188","151549",
"강원","태백시","승용","2025.06 월","73","16245","364","16682",
"강원","태백시","승합","2025.06 월","59","582","122","763",
"강원","태백시","화물","2025.06 월","122","3327","137","3586",
"강원","태백시","특수","2025.06 월","15","125","48","188",
"강원","태백시","총계","2025.06 월","269","20279","671","21219",
"강원","평창군","승용","2025.06 월","109","17789","223","18121",
"강원","평창군","승합","2025.06 월","79","719","73","871",
"강원","평창군","화물","2025.06 월","120","8607","142","8869",
"강원","평창군","특수","2025.06 월","22","95","48","165",
"강원","평창군","총계","2025.06 월","330","27210","486","28026",
"강원","홍천군","승용","2025.06 월","139","28432","259","28830",
"강원","홍천군","승합","2025.06 월","115","1146","274","1535",
"강원","홍천군","화물","2025.06 월","183","11726","457","12366",
"강원","홍천군","특수","2025.06 월","22","176","67","265",
"강원","홍천군","총계","2025.06 월","459","41480","1057","42996",
"강원","화천군","승용","2025.06 월","59","9948","56","10063",
"강원","화천군","승합","2025.06 월","64","279","43","386",
"강원","화천군","화물","2025.06 월","100","3307","48","3455",
"강원","화천군","특수","2025.06 월","10","58","23","91",
"강원","화천군","총계","2025.06 월","233","13592","170","13995",
"강원","횡성군","승용","2025.06 월","91","19679","553","20323",
"강원","횡성군","승합","2025.06 월","62","789","82","933",
"강원","횡성군","화물","2025.06 월","122","8653","269","9044",
"강원","횡성군","특수","2025.06 월","14","136","48","198",
"강원","횡성군","총계","2025.06 월","289","29257","952","30498",
"충북","계","승용","2025.06 월","1506","738394","13096","752996",
"충북","계","승합","2025.06 월","1130","20577","3813","25520",
"충북","계","화물","2025.06 월","1679","147936","16299","165914",
"충북","계","특수","2025.06 월","171","3620","2933","6724",
"충북","계","총계","2025.06 월","4486","910527","36141","951154",
"충북","괴산군","승용","2025.06 월","81","15532","137","15750",
"충북","괴산군","승합","2025.06 월","59","737","57","853",
"충북","괴산군","화물","2025.06 월","81","7950","253","8284",
"충북","괴산군","특수","2025.06 월","12","106","31","149",
"충북","괴산군","총계","2025.06 월","233","24325","478","25036",
"충북","단양군","승용","2025.06 월","69","11145","104","11318",
"충북","단양군","승합","2025.06 월","53","446","82","581",
"충북","단양군","화물","2025.06 월","121","4854","379","5354",
"충북","단양군","특수","2025.06 월","4","90","225","319",
"충북","단양군","총계","2025.06 월","247","16535","790","17572",
"충북","보은군","승용","2025.06 월","71","12388","117","12576",
"충북","보은군","승합","2025.06 월","57","575","88","720",
"충북","보은군","화물","2025.06 월","114","6423","455","6992",
"충북","보은군","특수","2025.06 월","17","72","47","136",
"충북","보은군","총계","2025.06 월","259","19458","707","20424",
"충북","영동군","승용","2025.06 월","103","17603","114","17820",
"충북","영동군","승합","2025.06 월","60","651","93","804",
"충북","영동군","화물","2025.06 월","116","8228","173","8517",
"충북","영동군","특수","2025.06 월","14","91","38","143",
"충북","영동군","총계","2025.06 월","293","26573","418","27284",
"충북","옥천군","승용","2025.06 월","77","20624","176","20877",
"충북","옥천군","승합","2025.06 월","60","785","87","932",
"충북","옥천군","화물","2025.06 월","86","8023","694","8803",
"충북","옥천군","특수","2025.06 월","11","152","99","262",
"충북","옥천군","총계","2025.06 월","234","29584","1056","30874",
"충북","음성군","승용","2025.06 월","85","49365","313","49763",
"충북","음성군","승합","2025.06 월","68","2031","208","2307",
"충북","음성군","화물","2025.06 월","113","13764","1502","15379",
"충북","음성군","특수","2025.06 월","15","258","141","414",
"충북","음성군","총계","2025.06 월","281","65418","2164","67863",
"충북","제천시","승용","2025.06 월","109","55339","713","56161",
"충북","제천시","승합","2025.06 월","82","1610","180","1872",
"충북","제천시","화물","2025.06 월","158","13597","1674","15429",
"충북","제천시","특수","2025.06 월","12","354","872","1238",
"충북","제천시","총계","2025.06 월","361","70900","3439","74700",
"충북","증평군","승용","2025.06 월","35","17523","156","17714",
"충북","증평군","승합","2025.06 월","26","518","37","581",
"충북","증평군","화물","2025.06 월","31","3209","589","3829",
"충북","증평군","특수","2025.06 월","7","73","47","127",
"충북","증평군","총계","2025.06 월","99","21323","829","22251",
"충북","진천군","승용","2025.06 월","75","45824","298","46197",
"충북","진천군","승합","2025.06 월","66","1394","88","1548",
"충북","진천군","화물","2025.06 월","86","9306","1116","10508",
"충북","진천군","특수","2025.06 월","6","251","81","338",
"충북","진천군","총계","2025.06 월","233","56775","1583","58591",
"충북","청원군","승용","2025.06 월","1","8","0","9",
"충북","청원군","승합","2025.06 월","0","3","0","3",
"충북","청원군","화물","2025.06 월","0","8","0","8",
"충북","청원군","특수","2025.06 월","0","0","0","0",
"충북","청원군","총계","2025.06 월","1","19","0","20",
"충북","청주시 상당구","승용","2025.06 월","209","88327","1096","89632",
"충북","청주시 상당구","승합","2025.06 월","112","2024","371","2507",
"충북","청주시 상당구","화물","2025.06 월","182","11944","1154","13280",
"충북","청주시 상당구","특수","2025.06 월","18","382","267","667",
"충북","청주시 상당구","총계","2025.06 월","521","102677","2888","106086",
"충북","청주시 서원구","승용","2025.06 월","61","81518","1480","83059",
"충북","청주시 서원구","승합","2025.06 월","129","1919","842","2890",
"충북","청주시 서원구","화물","2025.06 월","63","10508","1847","12418",
"충북","청주시 서원구","특수","2025.06 월","5","325","225","555",
"충북","청주시 서원구","총계","2025.06 월","258","94270","4394","98922",
"충북","청주시 청원구","승용","2025.06 월","190","92405","2536","95131",
"충북","청주시 청원구","승합","2025.06 월","122","2281","541","2944",
"충북","청주시 청원구","화물","2025.06 월","131","14459","2107","16697",
"충북","청주시 청원구","특수","2025.06 월","7","418","201","626",
"충북","청주시 청원구","총계","2025.06 월","450","109563","5385","115398",
"충북","청주시 흥덕구","승용","2025.06 월","135","134642","4221","138998",
"충북","청주시 흥덕구","승합","2025.06 월","90","2863","726","3679",
"충북","청주시 흥덕구","화물","2025.06 월","136","15844","2537","18517",
"충북","청주시 흥덕구","특수","2025.06 월","12","576","368","956",
"충북","청주시 흥덕구","총계","2025.06 월","373","153925","7852","162150",
"충북","충주시","승용","2025.06 월","205","96151","1635","97991",
"충북","충주시","승합","2025.06 월","146","2740","413","3299",
"충북","충주시","화물","2025.06 월","261","19819","1819","21899",
"충북","충주시","특수","2025.06 월","31","472","291","794",
"충북","충주시","총계","2025.06 월","643","119182","4158","123983",
"충남","계","승용","2025.06 월","2162","985642","13614","1001418",
"충남","계","승합","2025.06 월","1299","28993","5207","35499",
"충남","계","화물","2025.06 월","2521","214469","19954","236944",
"충남","계","특수","2025.06 월","333","4603","3299","8235",
"충남","계","총계","2025.06 월","6315","1233707","42074","1282096",
"충남","계룡시","승용","2025.06 월","78","23447","64","23589",
"충남","계룡시","승합","2025.06 월","38","543","104","685",
"충남","계룡시","화물","2025.06 월","55","2208","439","2702",
"충남","계룡시","특수","2025.06 월","9","89","33","131",
"충남","계룡시","총계","2025.06 월","180","26287","640","27107",
"충남","공주시","승용","2025.06 월","237","42719","1202","44158",
"충남","공주시","승합","2025.06 월","123","1475","382","1980",
"충남","공주시","화물","2025.06 월","256","12770","693","13719",
"충남","공주시","특수","2025.06 월","26","220","127","373",
"충남","공주시","총계","2025.06 월","642","57184","2404","60230",
"충남","금산군","승용","2025.06 월","75","20849","2380","23304",
"충남","금산군","승합","2025.06 월","40","948","199","1187",
"충남","금산군","화물","2025.06 월","93","8616","582","9291",
"충남","금산군","특수","2025.06 월","10","131","73","214",
"충남","금산군","총계","2025.06 월","218","30544","3234","33996",
"충남","논산시","승용","2025.06 월","151","45988","870","47009",
"충남","논산시","승합","2025.06 월","89","1957","335","2381",
"충남","논산시","화물","2025.06 월","142","15295","1085","16522",
"충남","논산시","특수","2025.06 월","28","216","96","340",
"충남","논산시","총계","2025.06 월","410","63456","2386","66252",
"충남","당진시","승용","2025.06 월","147","87767","830","88744",
"충남","당진시","승합","2025.06 월","78","2312","349","2739",
"충남","당진시","화물","2025.06 월","184","19373","2345","21902",
"충남","당진시","특수","2025.06 월","17","494","819","1330",
"충남","당진시","총계","2025.06 월","426","109946","4343","114715",
"충남","보령시","승용","2025.06 월","138","40320","556","41014",
"충남","보령시","승합","2025.06 월","73","1351","175","1599",
"충남","보령시","화물","2025.06 월","181","12740","518","13439",
"충남","보령시","특수","2025.06 월","35","199","124","358",
"충남","보령시","총계","2025.06 월","427","54610","1373","56410",
"충남","부여군","승용","2025.06 월","98","23241","181","23520",
"충남","부여군","승합","2025.06 월","70","1055","314","1439",
"충남","부여군","화물","2025.06 월","164","11256","398","11818",
"충남","부여군","특수","2025.06 월","13","104","55","172",
"충남","부여군","총계","2025.06 월","345","35656","948","36949",
"충남","서산시","승용","2025.06 월","184","82197","946","83327",
"충남","서산시","승합","2025.06 월","86","2357","483","2926",
"충남","서산시","화물","2025.06 월","165","19119","1876","21160",
"충남","서산시","특수","2025.06 월","24","429","438","891",
"충남","서산시","총계","2025.06 월","459","104102","3743","108304",
"충남","서천군","승용","2025.06 월","78","19709","145","19932",
"충남","서천군","승합","2025.06 월","39","675","109","823",
"충남","서천군","화물","2025.06 월","107","7705","431","8243",
"충남","서천군","특수","2025.06 월","17","92","87","196",
"충남","서천군","총계","2025.06 월","241","28181","772","29194",
"충남","아산시","승용","2025.06 월","209","177037","1999","179245",
"충남","아산시","승합","2025.06 월","133","4444","511","5088",
"충남","아산시","화물","2025.06 월","182","24281","3734","28197",
"충남","아산시","특수","2025.06 월","50","743","375","1168",
"충남","아산시","총계","2025.06 월","574","206505","6619","213698",
"충남","예산군","승용","2025.06 월","159","35524","276","35959",
"충남","예산군","승합","2025.06 월","114","1354","316","1784",
"충남","예산군","화물","2025.06 월","181","11510","733","12424",
"충남","예산군","특수","2025.06 월","13","214","130","357",
"충남","예산군","총계","2025.06 월","467","48602","1455","50524",
"충남","천안시 동남구","승용","2025.06 월","103","120548","1833","122484",
"충남","천안시 동남구","승합","2025.06 월","62","3574","682","4318",
"충남","천안시 동남구","화물","2025.06 월","128","19471","2919","22518",
"충남","천안시 동남구","특수","2025.06 월","10","610","388","1008",
"충남","천안시 동남구","총계","2025.06 월","303","144203","5822","150328",
"충남","천안시 서북구","승용","2025.06 월","167","185474","1688","187329",
"충남","천안시 서북구","승합","2025.06 월","154","4212","865","5231",
"충남","천안시 서북구","화물","2025.06 월","217","20928","2658","23803",
"충남","천안시 서북구","특수","2025.06 월","23","609","310","942",
"충남","천안시 서북구","총계","2025.06 월","561","211223","5521","217305",
"충남","청양군","승용","2025.06 월","82","11517","66","11665",
"충남","청양군","승합","2025.06 월","58","428","61","547",
"충남","청양군","화물","2025.06 월","128","6037","516","6681",
"충남","청양군","특수","2025.06 월","17","71","63","151",
"충남","청양군","총계","2025.06 월","285","18053","706","19044",
"충남","태안군","승용","2025.06 월","87","24906","189","25182",
"충남","태안군","승합","2025.06 월","47","952","114","1113",
"충남","태안군","화물","2025.06 월","198","10791","249","11238",
"충남","태안군","특수","2025.06 월","18","144","50","212",
"충남","태안군","총계","2025.06 월","350","36793","602","37745",
"충남","홍성군","승용","2025.06 월","169","44399","389","44957",
"충남","홍성군","승합","2025.06 월","95","1356","208","1659",
"충남","홍성군","화물","2025.06 월","140","12369","778","13287",
"충남","홍성군","특수","2025.06 월","23","238","131","392",
"충남","홍성군","총계","2025.06 월","427","58362","1506","60295",
"전북","계","승용","2025.06 월","2020","762944","12065","777029",
"전북","계","승합","2025.06 월","1389","22318","3857","27564",
"전북","계","화물","2025.06 월","2319","175231","16597","194147",
"전북","계","특수","2025.06 월","212","3376","2589","6177",
"전북","계","총계","2025.06 월","5940","963869","35108","1004917",
"전북","고창군","승용","2025.06 월","107","20431","166","20704",
"전북","고창군","승합","2025.06 월","64","1249","93","1406",
"전북","고창군","화물","2025.06 월","158","10656","283","11097",
"전북","고창군","특수","2025.06 월","14","116","46","176",
"전북","고창군","총계","2025.06 월","343","32452","588","33383",
"전북","군산시","승용","2025.06 월","219","117362","1962","119543",
"전북","군산시","승합","2025.06 월","126","2858","518","3502",
"전북","군산시","화물","2025.06 월","211","19212","3267","22690",
"전북","군산시","특수","2025.06 월","22","515","715","1252",
"전북","군산시","총계","2025.06 월","578","139947","6462","146987",
"전북","김제시","승용","2025.06 월","119","35219","506","35844",
"전북","김제시","승합","2025.06 월","62","1459","147","1668",
"전북","김제시","화물","2025.06 월","142","13805","1034","14981",
"전북","김제시","특수","2025.06 월","8","262","156","426",
"전북","김제시","총계","2025.06 월","331","50745","1843","52919",
"전북","남원시","승용","2025.06 월","137","29957","398","30492",
"전북","남원시","승합","2025.06 월","106","1109","168","1383",
"전북","남원시","화물","2025.06 월","177","12480","455","13112",
"전북","남원시","특수","2025.06 월","20","192","69","281",
"전북","남원시","총계","2025.06 월","440","43738","1090","45268",
"전북","무주군","승용","2025.06 월","73","9045","55","9173",
"전북","무주군","승합","2025.06 월","40","454","58","552",
"전북","무주군","화물","2025.06 월","99","4418","248","4765",
"전북","무주군","특수","2025.06 월","7","47","37","91",
"전북","무주군","총계","2025.06 월","219","13964","398","14581",
"전북","부안군","승용","2025.06 월","98","19132","178","19408",
"전북","부안군","승합","2025.06 월","66","779","116","961",
"전북","부안군","화물","2025.06 월","140","8664","269","9073",
"전북","부안군","특수","2025.06 월","12","109","54","175",
"전북","부안군","총계","2025.06 월","316","28684","617","29617",
"전북","순창군","승용","2025.06 월","73","10615","123","10811",
"전북","순창군","승합","2025.06 월","59","372","25","456",
"전북","순창군","화물","2025.06 월","99","5259","64","5422",
"전북","순창군","특수","2025.06 월","10","44","22","76",
"전북","순창군","총계","2025.06 월","241","16290","234","16765",
"전북","완주군","승용","2025.06 월","116","47892","223","48231",
"전북","완주군","승합","2025.06 월","120","1565","420","2105",
"전북","완주군","화물","2025.06 월","209","12426","2357","14992",
"전북","완주군","특수","2025.06 월","28","272","223","523",
"전북","완주군","총계","2025.06 월","473","62155","3223","65851",
"전북","익산시","승용","2025.06 월","197","116159","1787","118143",
"전북","익산시","승합","2025.06 월","146","3684","485","4315",
"전북","익산시","화물","2025.06 월","214","24317","3103","27634",
"전북","익산시","특수","2025.06 월","17","458","424","899",
"전북","익산시","총계","2025.06 월","574","144618","5799","150991",
"전북","임실군","승용","2025.06 월","84","9823","60","9967",
"전북","임실군","승합","2025.06 월","60","405","70","535",
"전북","임실군","화물","2025.06 월","120","4927","272","5319",
"전북","임실군","특수","2025.06 월","8","63","24","95",
"전북","임실군","총계","2025.06 월","272","15218","426","15916",
"전북","장수군","승용","2025.06 월","75","7943","32","8050",
"전북","장수군","승합","2025.06 월","41","334","21","396",
"전북","장수군","화물","2025.06 월","113","4452","88","4653",
"전북","장수군","특수","2025.06 월","6","51","20","77",
"전북","장수군","총계","2025.06 월","235","12780","161","13176",
"전북","전주시 덕진구","승용","2025.06 월","161","150956","3005","154122",
"전북","전주시 덕진구","승합","2025.06 월","106","3247","908","4261",
"전북","전주시 덕진구","화물","2025.06 월","153","18892","2624","21669",
"전북","전주시 덕진구","특수","2025.06 월","14","572","408","994",
"전북","전주시 덕진구","총계","2025.06 월","434","173667","6945","181046",
"전북","전주시 완산구","승용","2025.06 월","340","137035","2003","139378",
"전북","전주시 완산구","승합","2025.06 월","227","2920","537","3684",
"전북","전주시 완산구","화물","2025.06 월","209","15765","1528","17502",
"전북","전주시 완산구","특수","2025.06 월","23","362","253","638",
"전북","전주시 완산구","총계","2025.06 월","799","156082","4321","161202",
"전북","정읍시","승용","2025.06 월","110","41544","1476","43130",
"전북","정읍시","승합","2025.06 월","113","1489","196","1798",
"전북","정읍시","화물","2025.06 월","164","14899","898","15961",
"전북","정읍시","특수","2025.06 월","8","256","122","386",
"전북","정읍시","총계","2025.06 월","395","58188","2692","61275",
"전북","진안군","승용","2025.06 월","111","9831","91","10033",
"전북","진안군","승합","2025.06 월","53","394","95","542",
"전북","진안군","화물","2025.06 월","111","5059","107","5277",
"전북","진안군","특수","2025.06 월","15","57","16","88",
"전북","진안군","총계","2025.06 월","290","15341","309","15940",
"전남","계","승용","2025.06 월","2460","772959","220081","995500",
"전남","계","승합","2025.06 월","1702","25286","7723","34711",
"전남","계","화물","2025.06 월","2773","233992","21263","258028",
"전남","계","특수","2025.06 월","245","4198","5177","9620",
"전남","계","총계","2025.06 월","7180","1036435","254244","1297859",
"전남","강진군","승용","2025.06 월","85","12551","158","12794",
"전남","강진군","승합","2025.06 월","65","459","75","599",
"전남","강진군","화물","2025.06 월","101","6562","763","7426",
"전남","강진군","특수","2025.06 월","12","90","41","143",
"전남","강진군","총계","2025.06 월","263","19662","1037","20962",
"전남","고흥군","승용","2025.06 월","106","21433","169","21708",
"전남","고흥군","승합","2025.06 월","78","976","92","1146",
"전남","고흥군","화물","2025.06 월","141","12742","266","13149",
"전남","고흥군","특수","2025.06 월","12","137","40","189",
"전남","고흥군","총계","2025.06 월","337","35288","567","36192",
"전남","곡성군","승용","2025.06 월","70","10883","110","11063",
"전남","곡성군","승합","2025.06 월","41","406","57","504",
"전남","곡성군","화물","2025.06 월","72","5052","397","5521",
"전남","곡성군","특수","2025.06 월","6","59","67","132",
"전남","곡성군","총계","2025.06 월","189","16400","631","17220",
"전남","광양시","승용","2025.06 월","97","79502","633","80232",
"전남","광양시","승합","2025.06 월","70","2079","287","2436",
"전남","광양시","화물","2025.06 월","90","14653","3500","18243",
"전남","광양시","특수","2025.06 월","14","551","1679","2244",
"전남","광양시","총계","2025.06 월","271","96785","6099","103155",
"전남","구례군","승용","2025.06 월","58","9406","162","9626",
"전남","구례군","승합","2025.06 월","42","377","54","473",
"전남","구례군","화물","2025.06 월","76","3959","209","4244",
"전남","구례군","특수","2025.06 월","4","70","25","99",
"전남","구례군","총계","2025.06 월","180","13812","450","14442",
"전남","나주시","승용","2025.06 월","147","53846","790","54783",
"전남","나주시","승합","2025.06 월","118","1837","371","2326",
"전남","나주시","화물","2025.06 월","216","15629","1711","17556",
"전남","나주시","특수","2025.06 월","20","386","273","679",
"전남","나주시","총계","2025.06 월","501","71698","3145","75344",
"전남","담양군","승용","2025.06 월","79","20512","357","20948",
"전남","담양군","승합","2025.06 월","49","740","281","1070",
"전남","담양군","화물","2025.06 월","75","7914","1033","9022",
"전남","담양군","특수","2025.06 월","12","131","151","294",
"전남","담양군","총계","2025.06 월","215","29297","1822","31334",
"전남","목포시","승용","2025.06 월","128","82586","2242","84956",
"전남","목포시","승합","2025.06 월","119","2494","413","3026",
"전남","목포시","화물","2025.06 월","153","12768","2285","15206",
"전남","목포시","특수","2025.06 월","10","346","341","697",
"전남","목포시","총계","2025.06 월","410","98194","5281","103885",
"전남","무안군","승용","2025.06 월","268","42199","209","42676",
"전남","무안군","승합","2025.06 월","205","1410","73","1688",
"전남","무안군","화물","2025.06 월","164","11946","870","12980",
"전남","무안군","특수","2025.06 월","17","206","128","351",
"전남","무안군","총계","2025.06 월","654","55761","1280","57695",
"전남","보성군","승용","2025.06 월","78","14180","156","14414",
"전남","보성군","승합","2025.06 월","52","719","69","840",
"전남","보성군","화물","2025.06 월","104","7976","360","8440",
"전남","보성군","특수","2025.06 월","15","101","54","170",
"전남","보성군","총계","2025.06 월","249","22976","639","23864",
"전남","순천시","승용","2025.06 월","182","125544","1955","127681",
"전남","순천시","승합","2025.06 월","129","2824","598","3551",
"전남","순천시","화물","2025.06 월","195","22556","2115","24866",
"전남","순천시","특수","2025.06 월","21","483","923","1427",
"전남","순천시","총계","2025.06 월","527","151407","5591","157525",
"전남","신안군","승용","2025.06 월","117","14705","111026","125848",
"전남","신안군","승합","2025.06 월","66","659","2341","3066",
"전남","신안군","화물","2025.06 월","207","9509","386","10102",
"전남","신안군","특수","2025.06 월","5","149","35","189",
"전남","신안군","총계","2025.06 월","395","25022","113788","139205",
"전남","여수시","승용","2025.06 월","203","113964","2326","116493",
"전남","여수시","승합","2025.06 월","153","2993","729","3875",
"전남","여수시","화물","2025.06 월","202","21481","3538","25221",
"전남","여수시","특수","2025.06 월","17","435","834","1286",
"전남","여수시","총계","2025.06 월","575","138873","7427","146875",
"전남","영광군","승용","2025.06 월","79","22238","216","22533",
"전남","영광군","승합","2025.06 월","43","771","97","911",
"전남","영광군","화물","2025.06 월","114","8254","512","8880",
"전남","영광군","특수","2025.06 월","7","116","55","178",
"전남","영광군","총계","2025.06 월","243","31379","880","32502",
"전남","영암군","승용","2025.06 월","94","24654","84","24832",
"전남","영암군","승합","2025.06 월","63","1164","81","1308",
"전남","영암군","화물","2025.06 월","120","11299","802","12221",
"전남","영암군","특수","2025.06 월","9","195","142","346",
"전남","영암군","총계","2025.06 월","286","37312","1109","38707",
"전남","완도군","승용","2025.06 월","132","16391","159","16682",
"전남","완도군","승합","2025.06 월","58","668","101","827",
"전남","완도군","화물","2025.06 월","107","9707","203","10017",
"전남","완도군","특수","2025.06 월","12","95","31","138",
"전남","완도군","총계","2025.06 월","309","26861","494","27664",
"전남","장성군","승용","2025.06 월","84","20023","168","20275",
"전남","장성군","승합","2025.06 월","47","711","83","841",
"전남","장성군","화물","2025.06 월","91","8290","897","9278",
"전남","장성군","특수","2025.06 월","4","139","89","232",
"전남","장성군","총계","2025.06 월","226","29163","1237","30626",
"전남","장흥군","승용","2025.06 월","90","13599","91","13780",
"전남","장흥군","승합","2025.06 월","74","536","46","656",
"전남","장흥군","화물","2025.06 월","109","7077","280","7466",
"전남","장흥군","특수","2025.06 월","8","68","31","107",
"전남","장흥군","총계","2025.06 월","281","21280","448","22009",
"전남","진도군","승용","2025.06 월","79","11409","94","11582",
"전남","진도군","승합","2025.06 월","47","511","61","619",
"전남","진도군","화물","2025.06 월","98","6359","145","6602",
"전남","진도군","특수","2025.06 월","9","66","24","99",
"전남","진도군","총계","2025.06 월","233","18345","324","18902",
"전남","함평군","승용","2025.06 월","72","12414","5646","18132",
"전남","함평군","승합","2025.06 월","51","487","111","649",
"전남","함평군","화물","2025.06 월","88","6604","199","6891",
"전남","함평군","특수","2025.06 월","11","91","26","128",
"전남","함평군","총계","2025.06 월","222","19596","5982","25800",
"전남","해남군","승용","2025.06 월","113","24846","92862","117821",
"전남","해남군","승합","2025.06 월","81","1574","850","2505",
"전남","해남군","화물","2025.06 월","143","15594","234","15971",
"전남","해남군","특수","2025.06 월","11","130","42","183",
"전남","해남군","총계","2025.06 월","348","42144","93988","136480",
"전남","화순군","승용","2025.06 월","99","26074","468","26641",
"전남","화순군","승합","2025.06 월","51","891","853","1795",
"전남","화순군","화물","2025.06 월","107","8061","558","8726",
"전남","화순군","특수","2025.06 월","9","154","146","309",
"전남","화순군","총계","2025.06 월","266","35180","2025","37471",
"경북","계","승용","2025.06 월","2796","1165840","13027","1181663",
"경북","계","승합","2025.06 월","1751","34682","5197","41630",
"경북","계","화물","2025.06 월","3091","295960","25012","324063",
"경북","계","특수","2025.06 월","405","5308","5428","11141",
"경북","계","총계","2025.06 월","8043","1501790","48664","1558497",
"경북","군위군","승용","2025.06 월","0","19","2","21",
"경북","군위군","승합","2025.06 월","0","4","0","4",
"경북","군위군","화물","2025.06 월","0","20","3","23",
"경북","군위군","특수","2025.06 월","0","0","0","0",
"경북","군위군","총계","2025.06 월","0","43","5","48",
"경북","경산시","승용","2025.06 월","147","120205","902","121254",
"경북","경산시","승합","2025.06 월","99","2921","397","3417",
"경북","경산시","화물","2025.06 월","129","22067","2750","24946",
"경북","경산시","특수","2025.06 월","17","427","383","827",
"경북","경산시","총계","2025.06 월","392","145620","4432","150444",
"경북","경주시","승용","2025.06 월","209","120685","1642","122536",
"경북","경주시","승합","2025.06 월","143","3605","522","4270",
"경북","경주시","화물","2025.06 월","222","25825","1983","28030",
"경북","경주시","특수","2025.06 월","16","570","376","962",
"경북","경주시","총계","2025.06 월","590","150685","4523","155798",
"경북","고령군","승용","2025.06 월","59","14536","36","14631",
"경북","고령군","승합","2025.06 월","30","652","54","736",
"경북","고령군","화물","2025.06 월","75","6544","689","7308",
"경북","고령군","특수","2025.06 월","18","89","53","160",
"경북","고령군","총계","2025.06 월","182","21821","832","22835",
"경북","구미시","승용","2025.06 월","198","195059","2420","197677",
"경북","구미시","승합","2025.06 월","109","4781","781","5671",
"경북","구미시","화물","2025.06 월","225","25698","3597","29520",
"경북","구미시","특수","2025.06 월","21","694","467","1182",
"경북","구미시","총계","2025.06 월","553","226232","7265","234050",
"경북","김천시","승용","2025.06 월","145","59428","562","60135",
"경북","김천시","승합","2025.06 월","82","1929","269","2280",
"경북","김천시","화물","2025.06 월","166","17985","1120","19271",
"경북","김천시","특수","2025.06 월","17","254","191","462",
"경북","김천시","총계","2025.06 월","410","79596","2142","82148",
"경북","문경시","승용","2025.06 월","95","27394","383","27872",
"경북","문경시","승합","2025.06 월","55","1157","116","1328",
"경북","문경시","화물","2025.06 월","127","10343","278","10748",
"경북","문경시","특수","2025.06 월","13","149","95","257",
"경북","문경시","총계","2025.06 월","290","39043","872","40205",
"경북","봉화군","승용","2025.06 월","97","11163","46","11306",
"경북","봉화군","승합","2025.06 월","54","398","45","497",
"경북","봉화군","화물","2025.06 월","86","7059","91","7236",
"경북","봉화군","특수","2025.06 월","16","51","17","84",
"경북","봉화군","총계","2025.06 월","253","18671","199","19123",
"경북","상주시","승용","2025.06 월","123","37387","383","37893",
"경북","상주시","승합","2025.06 월","90","1556","260","1906",
"경북","상주시","화물","2025.06 월","210","17360","1043","18613",
"경북","상주시","특수","2025.06 월","18","221","174","413",
"경북","상주시","총계","2025.06 월","441","56524","1860","58825",
"경북","성주군","승용","2025.06 월","74","20348","129","20551",
"경북","성주군","승합","2025.06 월","41","763","49","853",
"경북","성주군","화물","2025.06 월","88","11403","971","12462",
"경북","성주군","특수","2025.06 월","15","146","141","302",
"경북","성주군","총계","2025.06 월","218","32660","1290","34168",
"경북","안동시","승용","2025.06 월","302","65831","939","67072",
"경북","안동시","승합","2025.06 월","229","2079","309","2617",
"경북","안동시","화물","2025.06 월","252","19344","1217","20813",
"경북","안동시","특수","2025.06 월","46","363","234","643",
"경북","안동시","총계","2025.06 월","829","87617","2699","91145",
"경북","영덕군","승용","2025.06 월","73","13078","99","13250",
"경북","영덕군","승합","2025.06 월","49","590","56","695",
"경북","영덕군","화물","2025.06 월","123","5994","121","6238",
"경북","영덕군","특수","2025.06 월","17","80","30","127",
"경북","영덕군","총계","2025.06 월","262","19742","306","20310",
"경북","영양군","승용","2025.06 월","62","6135","37","6234",
"경북","영양군","승합","2025.06 월","37","276","27","340",
"경북","영양군","화물","2025.06 월","73","3950","51","4074",
"경북","영양군","특수","2025.06 월","8","38","6","52",
"경북","영양군","총계","2025.06 월","180","10399","121","10700",
"경북","영주시","승용","2025.06 월","127","41712","479","42318",
"경북","영주시","승합","2025.06 월","78","1503","135","1716",
"경북","영주시","화물","2025.06 월","145","14623","728","15496",
"경북","영주시","특수","2025.06 월","25","245","159","429",
"경북","영주시","총계","2025.06 월","375","58083","1501","59959",
"경북","영천시","승용","2025.06 월","133","45179","363","45675",
"경북","영천시","승합","2025.06 월","82","1671","230","1983",
"경북","영천시","화물","2025.06 월","129","16247","1513","17889",
"경북","영천시","특수","2025.06 월","18","244","357","619",
"경북","영천시","총계","2025.06 월","362","63341","2463","66166",
"경북","예천군","승용","2025.06 월","105","23437","169","23711",
"경북","예천군","승합","2025.06 월","63","701","82","846",
"경북","예천군","화물","2025.06 월","110","8697","206","9013",
"경북","예천군","특수","2025.06 월","21","110","46","177",
"경북","예천군","총계","2025.06 월","299","32945","503","33747",
"경북","울릉군","승용","2025.06 월","58","4426","313","4797",
"경북","울릉군","승합","2025.06 월","21","264","204","489",
"경북","울릉군","화물","2025.06 월","60","1462","28","1550",
"경북","울릉군","특수","2025.06 월","8","24","4","36",
"경북","울릉군","총계","2025.06 월","147","6176","549","6872",
"경북","울진군","승용","2025.06 월","134","20982","110","21226",
"경북","울진군","승합","2025.06 월","57","596","87","740",
"경북","울진군","화물","2025.06 월","124","6617","120","6861",
"경북","울진군","특수","2025.06 월","21","129","39","189",
"경북","울진군","총계","2025.06 월","336","28324","356","29016",
"경북","의성군","승용","2025.06 월","84","19784","86","19954",
"경북","의성군","승합","2025.06 월","77","836","77","990",
"경북","의성군","화물","2025.06 월","131","12237","890","13258",
"경북","의성군","특수","2025.06 월","11","120","102","233",
"경북","의성군","총계","2025.06 월","303","32977","1155","34435",
"경북","청도군","승용","2025.06 월","80","18002","161","18243",
"경북","청도군","승합","2025.06 월","44","620","51","715",
"경북","청도군","화물","2025.06 월","91","7909","614","8614",
"경북","청도군","특수","2025.06 월","15","101","189","305",
"경북","청도군","총계","2025.06 월","230","26632","1015","27877",
"경북","청송군","승용","2025.06 월","59","10149","39","10247",
"경북","청송군","승합","2025.06 월","70","458","44","572",
"경북","청송군","화물","2025.06 월","87","6070","115","6272",
"경북","청송군","특수","2025.06 월","10","62","15","87",
"경북","청송군","총계","2025.06 월","226","16739","213","17178",
"경북","칠곡군","승용","2025.06 월","121","55727","270","56118",
"경북","칠곡군","승합","2025.06 월","61","1746","334","2141",
"경북","칠곡군","화물","2025.06 월","113","12740","1582","14435",
"경북","칠곡군","특수","2025.06 월","14","273","320","607",
"경북","칠곡군","총계","2025.06 월","309","70486","2506","73301",
"경북","포항시 남구","승용","2025.06 월","148","103655","1326","105129",
"경북","포항시 남구","승합","2025.06 월","84","2765","770","3619",
"경북","포항시 남구","화물","2025.06 월","215","17667","4207","22089",
"경북","포항시 남구","특수","2025.06 월","13","464","1730","2207",
"경북","포항시 남구","총계","2025.06 월","460","124551","8033","133044",
"경북","포항시 북구","승용","2025.06 월","163","131519","2131","133813",
"경북","포항시 북구","승합","2025.06 월","96","2811","298","3205",
"경북","포항시 북구","화물","2025.06 월","110","18099","1095","19304",
"경북","포항시 북구","특수","2025.06 월","27","454","300","781",
"경북","포항시 북구","총계","2025.06 월","396","152883","3824","157103",
"경남","계","승용","2025.06 월","2723","1513527","125529","1641779",
"경남","계","승합","2025.06 월","1906","35825","6983","44714",
"경남","계","화물","2025.06 월","2774","268648","27804","299226",
"경남","계","특수","2025.06 월","336","5317","5759","11412",
"경남","계","총계","2025.06 월","7739","1823317","166075","1997131",
"경남","고성군","승용","2025.06 월","67","19752","184","20003",
"경남","고성군","승합","2025.06 월","62","677","89","828",
"경남","고성군","화물","2025.06 월","97","7334","214","7645",
"경남","고성군","특수","2025.06 월","11","139","66","216",
"경남","고성군","총계","2025.06 월","237","27902","553","28692",
"경남","거제시","승용","2025.06 월","126","97165","1038","98329",
"경남","거제시","승합","2025.06 월","83","2692","474","3249",
"경남","거제시","화물","2025.06 월","153","12029","513","12695",
"경남","거제시","특수","2025.06 월","15","320","167","502",
"경남","거제시","총계","2025.06 월","377","112206","2192","114775",
"경남","거창군","승용","2025.06 월","108","25082","184","25374",
"경남","거창군","승합","2025.06 월","77","827","175","1079",
"경남","거창군","화물","2025.06 월","104","9328","259","9691",
"경남","거창군","특수","2025.06 월","15","86","176","277",
"경남","거창군","총계","2025.06 월","304","35323","794","36421",
"경남","김해시","승용","2025.06 월","264","249030","2233","251527",
"경남","김해시","승합","2025.06 월","155","5893","568","6616",
"경남","김해시","화물","2025.06 월","240","41086","4744","46070",
"경남","김해시","특수","2025.06 월","41","837","607","1485",
"경남","김해시","총계","2025.06 월","700","296846","8152","305698",
"경남","남해군","승용","2025.06 월","101","14338","149","14588",
"경남","남해군","승합","2025.06 월","54","506","104","664",
"경남","남해군","화물","2025.06 월","137","6200","153","6490",
"경남","남해군","특수","2025.06 월","8","64","27","99",
"경남","남해군","총계","2025.06 월","300","21108","433","21841",
"경남","밀양시","승용","2025.06 월","108","44097","479","44684",
"경남","밀양시","승합","2025.06 월","93","1324","196","1613",
"경남","밀양시","화물","2025.06 월","104","13671","2591","16366",
"경남","밀양시","특수","2025.06 월","15","212","589","816",
"경남","밀양시","총계","2025.06 월","320","59304","3855","63479",
"경남","사천시","승용","2025.06 월","99","48898","661","49658",
"경남","사천시","승합","2025.06 월","81","1398","211","1690",
"경남","사천시","화물","2025.06 월","130","10498","560","11188",
"경남","사천시","특수","2025.06 월","18","190","114","322",
"경남","사천시","총계","2025.06 월","328","60984","1546","62858",
"경남","산청군","승용","2025.06 월","93","13923","56","14072",
"경남","산청군","승합","2025.06 월","61","485","54","600",
"경남","산청군","화물","2025.06 월","100","7202","479","7781",
"경남","산청군","특수","2025.06 월","9","144","147","300",
"경남","산청군","총계","2025.06 월","263","21754","736","22753",
"경남","양산시","승용","2025.06 월","187","157092","1102","158381",
"경남","양산시","승합","2025.06 월","88","4010","780","4878",
"경남","양산시","화물","2025.06 월","151","22327","7231","29709",
"경남","양산시","특수","2025.06 월","23","646","1533","2202",
"경남","양산시","총계","2025.06 월","449","184075","10646","195170",
"경남","의령군","승용","2025.06 월","68","10501","51","10620",
"경남","의령군","승합","2025.06 월","52","354","37","443",
"경남","의령군","화물","2025.06 월","93","4566","571","5230",
"경남","의령군","특수","2025.06 월","14","64","119","197",
"경남","의령군","총계","2025.06 월","227","15485","778","16490",
"경남","진주시","승용","2025.06 월","214","145076","2433","147723",
"경남","진주시","승합","2025.06 월","175","3097","1046","4318",
"경남","진주시","화물","2025.06 월","250","26599","2390","29239",
"경남","진주시","특수","2025.06 월","32","528","435","995",
"경남","진주시","총계","2025.06 월","671","175300","6304","182275",
"경남","창녕군","승용","2025.06 월","70","25236","192","25498",
"경남","창녕군","승합","2025.06 월","76","976","105","1157",
"경남","창녕군","화물","2025.06 월","95","10287","420","10802",
"경남","창녕군","특수","2025.06 월","11","146","67","224",
"경남","창녕군","총계","2025.06 월","252","36645","784","37681",
"경남","창원시 마산합포구","승용","2025.06 월","153","90351","1336","91840",
"경남","창원시 마산합포구","승합","2025.06 월","66","1822","474","2362",
"경남","창원시 마산합포구","화물","2025.06 월","138","10290","1003","11431",
"경남","창원시 마산합포구","특수","2025.06 월","15","161","151","327",
"경남","창원시 마산합포구","총계","2025.06 월","372","102624","2964","105960",
"경남","창원시 마산회원구","승용","2025.06 월","71","97545","5655","103271",
"경남","창원시 마산회원구","승합","2025.06 월","34","1749","406","2189",
"경남","창원시 마산회원구","화물","2025.06 월","55","10776","1561","12392",
"경남","창원시 마산회원구","특수","2025.06 월","4","223","234","461",
"경남","창원시 마산회원구","총계","2025.06 월","164","110293","7856","118313",
"경남","창원시 성산구","승용","2025.06 월","239","148907","18895","168041",
"경남","창원시 성산구","승합","2025.06 월","220","1939","876","3035",
"경남","창원시 성산구","화물","2025.06 월","140","10348","977","11465",
"경남","창원시 성산구","특수","2025.06 월","15","235","191","441",
"경남","창원시 성산구","총계","2025.06 월","614","161429","20939","182982",
"경남","창원시 의창구","승용","2025.06 월","263","116308","49366","165937",
"경남","창원시 의창구","승합","2025.06 월","173","2158","402","2733",
"경남","창원시 의창구","화물","2025.06 월","127","16961","1466","18554",
"경남","창원시 의창구","특수","2025.06 월","18","321","352","691",
"경남","창원시 의창구","총계","2025.06 월","581","135748","51586","187915",
"경남","창원시 진해구","승용","2025.06 월","94","87718","720","88532",
"경남","창원시 진해구","승합","2025.06 월","36","1817","157","2010",
"경남","창원시 진해구","화물","2025.06 월","92","7720","1057","8869",
"경남","창원시 진해구","특수","2025.06 월","12","278","297","587",
"경남","창원시 진해구","총계","2025.06 월","234","97533","2231","99998",
"경남","통영시","승용","2025.06 월","103","43234","673","44010",
"경남","통영시","승합","2025.06 월","84","1556","245","1885",
"경남","통영시","화물","2025.06 월","122","8705","355","9182",
"경남","통영시","특수","2025.06 월","14","181","71","266",
"경남","통영시","총계","2025.06 월","323","53676","1344","55343",
"경남","하동군","승용","2025.06 월","61","16312","92","16465",
"경남","하동군","승합","2025.06 월","72","507","45","624",
"경남","하동군","화물","2025.06 월","113","7814","170","8097",
"경남","하동군","특수","2025.06 월","10","94","84","188",
"경남","하동군","총계","2025.06 월","256","24727","391","25374",
"경남","함안군","승용","2025.06 월","83","33228","22116","55427",
"경남","함안군","승합","2025.06 월","54","986","303","1343",
"경남","함안군","화물","2025.06 월","84","10178","549","10811",
"경남","함안군","특수","2025.06 월","7","183","230","420",
"경남","함안군","총계","2025.06 월","228","44575","23198","68001",
"경남","함양군","승용","2025.06 월","62","13892","17760","31714",
"경남","함양군","승합","2025.06 월","53","471","159","683",
"경남","함양군","화물","2025.06 월","109","6550","146","6805",
"경남","함양군","특수","2025.06 월","14","172","32","218",
"경남","함양군","총계","2025.06 월","238","21085","18097","39420",
"경남","합천군","승용","2025.06 월","89","15842","154","16085",
"경남","합천군","승합","2025.06 월","57","581","77","715",
"경남","합천군","화물","2025.06 월","140","8179","395","8714",
"경남","합천군","특수","2025.06 월","15","93","70","178",
"경남","합천군","총계","2025.06 월","301","24695","696","25692",
"제주","계","승용","2025.06 월","870","331296","274195","606361",
"제주","계","승합","2025.06 월","501","9556","6374","16431",
"제주","계","화물","2025.06 월","1051","86012","4387","91450",
"제주","계","특수","2025.06 월","83","1382","716","2181",
"제주","계","총계","2025.06 월","2505","428246","285672","716423",
"제주","서귀포시","승용","2025.06 월","252","77585","933","78770",
"제주","서귀포시","승합","2025.06 월","140","2750","145","3035",
"제주","서귀포시","화물","2025.06 월","339","26834","679","27852",
"제주","서귀포시","특수","2025.06 월","44","261","143","448",
"제주","서귀포시","총계","2025.06 월","775","107430","1900","110105",
"제주","제주시","승용","2025.06 월","618","253711","273262","527591",
"제주","제주시","승합","2025.06 월","361","6806","6229","13396",
"제주","제주시","화물","2025.06 월","712","59178","3708","63598",
"제주","제주시","특수","2025.06 월","39","1121","573","1733",
"제주","제주시","총계","2025.06 월","1730","320816","283772","606318",
